dataset,track,direction,frame,date,size_gb,name
NISAR_L2_GCOV_PROVISIONAL_V1,069,A,012,20260618,0.0,NISAR_L2_PR_GCOV_023_069_A_012_4005_DHDH_A_20260618T232037_20260618T232103_P05023_N_P_J_001
NISAR_L2_GCOV_PROVISIONAL_V1,069,A,013,20260618,0.0,NISAR_L2_PR_GCOV_023_069_A_013_4005_DHDH_A_20260618T232102_20260618T232136_P05023_N_F_J_001
NISAR_L2_GCOV_PROVISIONAL_V1,069,A,014,20260618,0.0,NISAR_L2_PR_GCOV_023_069_A_014_4005_DHDH_A_20260618T232135_20260618T232210_P05023_N_F_J_001
NISAR_L2_GCOV_PROVISIONAL_V1,069,A,015,20260618,0.0,NISAR_L2_PR_GCOV_023_069_A_015_4005_DHDH_A_20260618T232209_20260618T232243_P05023_N_F_J_001
NISAR_L2_GCOV_PROVISIONAL_V1,091,D,075,20260620,0.0,NISAR_L2_PR_GCOV_023_091_D_075_2005_QPDH_A_20260620T123350_20260620T123425_P05023_N_F_J_001
NISAR_L2_GCOV_PROVISIONAL_V1,091,D,076,20260620,0.0,NISAR_L2_PR_GCOV_023_091_D_076_2005_QPDH_A_20260620T123424_20260620T123459_P05023_N_F_J_001
NISAR_L2_GCOV_PROVISIONAL_V1,091,D,077,20260620,0.0,NISAR_L2_PR_GCOV_023_091_D_077_2005_QPDH_A_20260620T123458_20260620T123532_P05023_N_F_J_001
NISAR_L2_GCOV_PROVISIONAL_V1,091,D,078,20260620,0.0,NISAR_L2_PR_GCOV_023_091_D_078_2005_QPDH_A_20260620T123531_20260620T123542_P05023_N_P_J_001
NISAR_L2_GCOV_PROVISIONAL_V1,091,D,078,20260620,0.0,NISAR_L2_PR_GCOV_023_091_D_078_2000_DVNA_M_20260620T123531_20260620T123606_P05023_N_F_J_001
NISAR_L2_GCOV_PROVISIONAL_V1,098,A,012,20260620,0.0,NISAR_L2_PR_GCOV_023_098_A_012_4005_DHDH_A_20260620T233717_20260620T233741_P05023_N_P_J_001
NISAR_L2_GCOV_PROVISIONAL_V1,098,A,013,20260620,0.0,NISAR_L2_PR_GCOV_023_098_A_013_4005_DHDH_A_20260620T233740_20260620T233815_P05023_N_F_J_001
NISAR_L2_GCOV_PROVISIONAL_V1,120,D,075,20260622,0.0,NISAR_L2_PR_GCOV_023_120_D_075_2005_DHDH_M_20260622T125029_20260622T125104_P05023_N_F_J_001
NISAR_L2_GCOV_PROVISIONAL_V1,120,D,075,20260622,0.0,NISAR_L2_PR_GCOV_023_120_D_075_4005_DHDH_A_20260622T125029_20260622T125053_P05023_N_P_J_001
NISAR_L2_GCOV_PROVISIONAL_V1,120,D,075,20260622,0.0,NISAR_L2_PR_GCOV_023_120_D_075_2005_QPDH_A_20260622T125057_20260622T125104_P05023_N_P_J_001
NISAR_L2_GCOV_PROVISIONAL_V1,120,D,076,20260622,0.0,NISAR_L2_PR_GCOV_023_120_D_076_2005_QPDH_A_20260622T125103_20260622T125137_P05023_N_F_J_001
NISAR_L2_GCOV_PROVISIONAL_V1,120,D,077,20260622,0.0,NISAR_L2_PR_GCOV_023_120_D_077_2005_DHDH_M_20260622T125136_20260622T125211_P05023_N_F_J_001
NISAR_L2_GCOV_PROVISIONAL_V1,120,D,077,20260622,0.0,NISAR_L2_PR_GCOV_023_120_D_077_2005_QPDH_A_20260622T125136_20260622T125209_P05023_N_F_J_001
NISAR_L2_GCOV_PROVISIONAL_V1,141,A,012,20260623,0.0,NISAR_L2_PR_GCOV_023_141_A_012_4005_DHDH_A_20260623T231209_20260623T231243_P05023_N_F_J_001
NISAR_L2_GCOV_PROVISIONAL_V1,141,A,013,20260623,0.0,NISAR_L2_PR_GCOV_023_141_A_013_4005_DHDH_A_20260623T231242_20260623T231317_P05023_N_F_J_001
NISAR_L2_GCOV_PROVISIONAL_V1,141,A,014,20260623,0.0,NISAR_L2_PR_GCOV_023_141_A_014_4005_DHDH_A_20260623T231316_20260623T231350_P05023_N_F_J_001
NISAR_L2_GCOV_PROVISIONAL_V1,141,A,015,20260623,0.0,NISAR_L2_PR_GCOV_023_141_A_015_4005_DHDH_A_20260623T231349_20260623T231424_P05023_N_F_J_001
NISAR_L2_GCOV_PROVISIONAL_V1,163,D,075,20260625,0.0,NISAR_L2_PR_GCOV_023_163_D_075_4005_DHDH_A_20260625T122531_20260625T122606_P05023_N_F_J_001
NISAR_L2_GCOV_PROVISIONAL_V1,163,D,076,20260625,0.0,NISAR_L2_PR_GCOV_023_163_D_076_4005_DHDH_A_20260625T122605_20260625T122639_P05023_N_F_J_001
NISAR_L2_GCOV_PROVISIONAL_V1,163,D,077,20260625,0.0,NISAR_L2_PR_GCOV_023_163_D_077_4005_DHDH_A_20260625T122638_20260625T122713_P05023_N_F_J_001
NISAR_L2_GCOV_PROVISIONAL_V1,163,D,078,20260625,0.0,NISAR_L2_PR_GCOV_023_163_D_078_4005_DHDH_A_20260625T122712_20260625T122737_P05023_N_P_J_001
NISAR_L2_GCOV_PROVISIONAL_V1,170,A,012,20260625,0.0,NISAR_L2_PR_GCOV_023_170_A_012_2005_DVDV_A_20260625T232847_20260625T232909_P05023_N_P_J_001
NISAR_L2_GCOV_PROVISIONAL_V1,170,A,012,20260625,0.0,NISAR_L2_PR_GCOV_023_170_A_012_4005_DHDH_A_20260625T232913_20260625T232922_P05023_N_P_J_001
NISAR_L2_GCOV_PROVISIONAL_V1,170,A,013,20260625,0.0,NISAR_L2_PR_GCOV_023_170_A_013_4005_DHDH_A_20260625T232921_20260625T232956_P05023_N_F_J_001
NISAR_L2_GCOV_PROVISIONAL_V1,170,A,014,20260625,0.0,NISAR_L2_PR_GCOV_023_170_A_014_4005_DHDH_A_20260625T232955_20260625T233029_P05023_N_F_J_001
NISAR_L2_GCOV_PROVISIONAL_V1,170,A,015,20260625,0.0,NISAR_L2_PR_GCOV_023_170_A_015_4005_DHDH_A_20260625T233028_20260625T233103_P05023_N_F_J_001
NISAR_L2_GCOV_PROVISIONAL_V1,019,D,075,20260627,0.0,NISAR_L2_PR_GCOV_024_019_D_075_4005_DHDH_A_20260627T124209_20260627T124244_P05023_N_F_J_001
NISAR_L2_GCOV_PROVISIONAL_V1,019,D,076,20260627,0.0,NISAR_L2_PR_GCOV_024_019_D_076_4005_DHDH_A_20260627T124243_20260627T124249_P05023_N_P_J_001
NISAR_L2_GCOV_PROVISIONAL_V1,019,D,076,20260627,0.0,NISAR_L2_PR_GCOV_024_019_D_076_2005_DHDH_M_20260627T124243_20260627T124317_P05023_N_F_J_001
NISAR_L2_GCOV_PROVISIONAL_V1,019,D,076,20260627,0.0,NISAR_L2_PR_GCOV_024_019_D_076_2005_QPDH_A_20260627T124253_20260627T124317_P05023_N_P_J_001
NISAR_L2_GCOV_PROVISIONAL_V1,019,D,077,20260627,0.0,NISAR_L2_PR_GCOV_024_019_D_077_2005_QPDH_A_20260627T124316_20260627T124351_P05023_N_F_J_001
NISAR_L2_GCOV_PROVISIONAL_V1,019,D,078,20260627,0.0,NISAR_L2_PR_GCOV_024_019_D_078_2000_DVNA_M_20260627T124350_20260627T124424_P05023_N_F_J_001
NISAR_L2_GCOV_PROVISIONAL_V1,019,D,078,20260627,0.0,NISAR_L2_PR_GCOV_024_019_D_078_2005_QPDH_A_20260627T124350_20260627T124405_P05023_N_P_J_001
NISAR_L2_GCOV_PROVISIONAL_V1,040,A,015,20260628,0.0,NISAR_L2_PR_GCOV_024_040_A_015_4005_DHDH_A_20260628T230529_20260628T230604_P05023_N_F_J_001
NISAR_L2_GCOV_PROVISIONAL_V1,069,A,012,20260630,0.0,NISAR_L2_PR_GCOV_024_069_A_012_4005_DHDH_A_20260630T232036_20260630T232102_P05023_N_P_J_001
NISAR_L2_GCOV_PROVISIONAL_V1,069,A,013,20260630,0.0,NISAR_L2_PR_GCOV_024_069_A_013_4005_DHDH_A_20260630T232101_20260630T232135_P05023_N_F_J_001
NISAR_L2_GCOV_PROVISIONAL_V1,069,A,014,20260630,0.0,NISAR_L2_PR_GCOV_024_069_A_014_4005_DHDH_A_20260630T232134_20260630T232209_P05023_N_F_J_001
NISAR_L2_GCOV_PROVISIONAL_V1,069,A,015,20260630,0.0,NISAR_L2_PR_GCOV_024_069_A_015_4005_DHDH_A_20260630T232208_20260630T232243_P05023_N_F_J_001
NISAR_L2_GCOV_PROVISIONAL_V1,091,D,075,20260702,0.0,NISAR_L2_PR_GCOV_024_091_D_075_4005_DHDH_A_20260702T123350_20260702T123424_P05023_N_F_J_001
NISAR_L2_GCOV_PROVISIONAL_V1,091,D,076,20260702,0.0,NISAR_L2_PR_GCOV_024_091_D_076_4005_DHDH_A_20260702T123423_20260702T123458_P05023_N_F_J_001
NISAR_L2_GCOV_PROVISIONAL_V1,091,D,077,20260702,0.0,NISAR_L2_PR_GCOV_024_091_D_077_4005_DHDH_A_20260702T123457_20260702T123513_P05023_N_P_J_001
NISAR_L2_GCOV_PROVISIONAL_V1,091,D,077,20260702,0.0,NISAR_L2_PR_GCOV_024_091_D_077_2005_DHDH_M_20260702T123457_20260702T123531_P05023_N_F_J_001
NISAR_L2_GCOV_PROVISIONAL_V1,091,D,077,20260702,0.0,NISAR_L2_PR_GCOV_024_091_D_077_2005_QPDH_A_20260702T123516_20260702T123531_P05023_N_P_J_001
NISAR_L2_GCOV_PROVISIONAL_V1,091,D,078,20260702,0.0,NISAR_L2_PR_GCOV_024_091_D_078_2005_QPDH_A_20260702T123530_20260702T123541_P05023_N_P_J_001
NISAR_L2_GCOV_PROVISIONAL_V1,091,D,078,20260702,0.0,NISAR_L2_PR_GCOV_024_091_D_078_2000_DVNA_M_20260702T123530_20260702T123605_P05023_N_F_J_001
NISAR_L2_GCOV_PROVISIONAL_V1,098,A,012,20260702,0.0,NISAR_L2_PR_GCOV_024_098_A_012_4005_DHDH_A_20260702T233716_20260702T233741_P05023_N_P_J_001
NISAR_L2_GCOV_PROVISIONAL_V1,098,A,013,20260702,0.0,NISAR_L2_PR_GCOV_024_098_A_013_4005_DHDH_A_20260702T233740_20260702T233814_P05023_N_F_J_001
NISAR_L2_GCOV_PROVISIONAL_V1,120,D,075,20260704,0.0,NISAR_L2_PR_GCOV_024_120_D_075_2005_DHDH_M_20260704T125029_20260704T125103_P05023_N_F_J_001
NISAR_L2_GCOV_PROVISIONAL_V1,120,D,075,20260704,0.0,NISAR_L2_PR_GCOV_024_120_D_075_2005_QPDH_A_20260704T125029_20260704T125054_P05023_N_P_J_001
NISAR_L2_GCOV_PROVISIONAL_V1,120,D,075,20260704,0.0,NISAR_L2_PR_GCOV_024_120_D_075_4005_DHDH_A_20260704T125059_20260704T125103_P05023_N_P_J_001
NISAR_L2_GCOV_PROVISIONAL_V1,120,D,076,20260704,0.0,NISAR_L2_PR_GCOV_024_120_D_076_4005_DHDH_A_20260704T125059_20260704T125137_P05023_N_F_J_001
NISAR_L2_GCOV_PROVISIONAL_V1,120,D,077,20260704,0.0,NISAR_L2_PR_GCOV_024_120_D_077_4005_DHDH_A_20260704T125136_20260704T125210_P05023_N_F_J_001
NISAR_L2_GCOV_PROVISIONAL_V1,141,A,012,20260705,0.0,NISAR_L2_PR_GCOV_024_141_A_012_4005_DHDH_A_20260705T231208_20260705T231242_P05023_N_F_J_001
NISAR_L2_GCOV_PROVISIONAL_V1,141,A,013,20260705,0.0,NISAR_L2_PR_GCOV_024_141_A_013_4005_DHDH_A_20260705T231241_20260705T231316_P05023_N_F_J_001
NISAR_L2_GCOV_PROVISIONAL_V1,141,A,014,20260705,0.0,NISAR_L2_PR_GCOV_024_141_A_014_4005_DHDH_A_20260705T231315_20260705T231350_P05023_N_F_J_001
NISAR_L2_GCOV_PROVISIONAL_V1,141,A,015,20260705,0.0,NISAR_L2_PR_GCOV_024_141_A_015_4005_DHDH_A_20260705T231349_20260705T231423_P05023_N_F_J_001
NISAR_L2_GCOV_PROVISIONAL_V1,163,D,075,20260707,0.0,NISAR_L2_PR_GCOV_024_163_D_075_2005_QPDH_A_20260707T122530_20260707T122605_P05023_N_F_J_001
NISAR_L2_GCOV_PROVISIONAL_V1,163,D,076,20260707,0.0,NISAR_L2_PR_GCOV_024_163_D_076_2005_QPDH_A_20260707T122604_20260707T122638_P05023_N_F_J_001
NISAR_L2_GCOV_PROVISIONAL_V1,163,D,077,20260707,0.0,NISAR_L2_PR_GCOV_024_163_D_077_2005_QPDH_A_20260707T122637_20260707T122712_P05023_N_F_J_001
NISAR_L2_GCOV_PROVISIONAL_V1,163,D,078,20260707,0.0,NISAR_L2_PR_GCOV_024_163_D_078_2000_DVNA_M_20260707T122711_20260707T122746_P05023_N_F_J_001
NISAR_L2_GCOV_PROVISIONAL_V1,163,D,078,20260707,0.0,NISAR_L2_PR_GCOV_024_163_D_078_2005_QPDH_A_20260707T122711_20260707T122737_P05023_N_P_J_001
NISAR_L2_GCOV_PROVISIONAL_V1,170,A,012,20260707,0.0,NISAR_L2_PR_GCOV_024_170_A_012_2005_DVDV_A_20260707T232847_20260707T232909_P05023_N_P_J_001
NISAR_L2_GCOV_PROVISIONAL_V1,170,A,012,20260707,0.0,NISAR_L2_PR_GCOV_024_170_A_012_4005_DHDH_A_20260707T232912_20260707T232921_P05023_N_P_J_001
NISAR_L2_GCOV_PROVISIONAL_V1,170,A,013,20260707,0.0,NISAR_L2_PR_GCOV_024_170_A_013_4005_DHDH_A_20260707T232920_20260707T232955_P05023_N_F_J_001
NISAR_L2_GCOV_PROVISIONAL_V1,170,A,014,20260707,0.0,NISAR_L2_PR_GCOV_024_170_A_014_4005_DHDH_A_20260707T232954_20260707T233028_P05023_N_F_J_001
NISAR_L2_GCOV_PROVISIONAL_V1,170,A,015,20260707,0.0,NISAR_L2_PR_GCOV_024_170_A_015_4005_DHDH_A_20260707T233027_20260707T233102_P05023_N_F_J_001
NISAR_L2_GCOV_PROVISIONAL_V1,019,D,075,20260709,0.0,NISAR_L2_PR_GCOV_025_019_D_075_2005_QPDH_A_20260709T124209_20260709T124243_P05023_N_F_J_001
NISAR_L2_GCOV_PROVISIONAL_V1,019,D,076,20260709,0.0,NISAR_L2_PR_GCOV_025_019_D_076_2005_QPDH_A_20260709T124242_20260709T124249_P05023_N_P_J_001
NISAR_L2_GCOV_PROVISIONAL_V1,019,D,076,20260709,0.0,NISAR_L2_PR_GCOV_025_019_D_076_2005_DHDH_M_20260709T124242_20260709T124317_P05023_N_F_J_001
NISAR_L2_GCOV_PROVISIONAL_V1,019,D,076,20260709,0.0,NISAR_L2_PR_GCOV_025_019_D_076_4005_DHDH_A_20260709T124252_20260709T124317_P05023_N_P_J_001
NISAR_L2_GCOV_PROVISIONAL_V1,019,D,077,20260709,0.0,NISAR_L2_PR_GCOV_025_019_D_077_4005_DHDH_A_20260709T124316_20260709T124325_P05023_N_P_J_001
NISAR_L2_GCOV_PROVISIONAL_V1,019,D,077,20260709,0.0,NISAR_L2_PR_GCOV_025_019_D_077_4005_DHDH_A_20260709T124328_20260709T124349_P05023_N_P_J_001
NISAR_L2_GCOV_PROVISIONAL_V1,019,D,078,20260709,0.0,NISAR_L2_PR_GCOV_025_019_D_078_2005_DVDV_A_20260709T124352_20260709T124424_P05023_N_F_J_001
NISAR_L2_GCOV_PROVISIONAL_V1,040,A,015,20260710,0.0,NISAR_L2_PR_GCOV_025_040_A_015_4005_DHDH_A_20260710T230529_20260710T230603_P05023_N_F_J_001
NISAR_L2_GCOV_PROVISIONAL_V1,069,A,012,20260712,0.0,NISAR_L2_PR_GCOV_025_069_A_012_4005_DHDH_A_20260712T232036_20260712T232101_P05023_N_P_J_001
NISAR_L2_GCOV_PROVISIONAL_V1,069,A,013,20260712,0.0,NISAR_L2_PR_GCOV_025_069_A_013_4005_DHDH_A_20260712T232100_20260712T232135_P05023_N_F_J_001
NISAR_L2_GCOV_PROVISIONAL_V1,069,A,014,20260712,0.0,NISAR_L2_PR_GCOV_025_069_A_014_4005_DHDH_A_20260712T232134_20260712T232208_P05023_N_F_J_001
NISAR_L2_GCOV_PROVISIONAL_V1,069,A,015,20260712,0.0,NISAR_L2_PR_GCOV_025_069_A_015_4005_DHDH_A_20260712T232207_20260712T232242_P05023_N_F_J_001
NISAR_L2_GCOV_PROVISIONAL_V1,091,D,075,20260714,0.0,NISAR_L2_PR_GCOV_025_091_D_075_2005_QPDH_A_20260714T123349_20260714T123424_P05023_F_F_J_001
NISAR_L2_GCOV_PROVISIONAL_V1,091,D,076,20260714,0.0,NISAR_L2_PR_GCOV_025_091_D_076_2005_QPDH_A_20260714T123423_20260714T123457_P05023_F_F_J_001
NISAR_L2_GCOV_PROVISIONAL_V1,091,D,077,20260714,0.0,NISAR_L2_PR_GCOV_025_091_D_077_2000_DVNA_M_20260714T123456_20260714T123531_P05023_F_F_J_001
NISAR_L2_GCOV_PROVISIONAL_V1,091,D,077,20260714,0.0,NISAR_L2_PR_GCOV_025_091_D_077_2005_QPDH_A_20260714T123456_20260714T123512_P05023_F_P_J_001
NISAR_L2_GCOV_PROVISIONAL_V1,091,D,078,20260714,0.0,NISAR_L2_PR_GCOV_025_091_D_078_2005_DVDV_A_20260714T123530_20260714T123604_P05023_F_F_J_001
NISAR_L2_GCOV_PROVISIONAL_V1,098,A,012,20260714,0.0,NISAR_L2_PR_GCOV_025_098_A_012_4005_DHDH_A_20260714T233715_20260714T233740_P05023_F_P_J_001
NISAR_L2_GCOV_PROVISIONAL_V1,098,A,013,20260714,0.0,NISAR_L2_PR_GCOV_025_098_A_013_4005_DHDH_A_20260714T233739_20260714T233814_P05023_F_F_J_001
NISAR_L2_GCOV_PROVISIONAL_V1,120,D,075,20260716,0.0,NISAR_L2_PR_GCOV_025_120_D_075_4005_DHDH_A_20260716T125028_20260716T125103_P05023_N_F_J_001
NISAR_L2_GCOV_PROVISIONAL_V1,120,D,076,20260716,0.0,NISAR_L2_PR_GCOV_025_120_D_076_4005_DHDH_A_20260716T125059_20260716T125136_P05023_N_F_J_001
NISAR_L2_GCOV_PROVISIONAL_V1,120,D,077,20260716,0.0,NISAR_L2_PR_GCOV_025_120_D_077_4005_DHDH_A_20260716T125135_20260716T125210_P05023_N_F_J_001
NISAR_L2_GCOV_PROVISIONAL_V1,141,A,012,20260717,0.0,NISAR_L2_PR_GCOV_025_141_A_012_4005_DHDH_A_20260717T231207_20260717T231242_P05023_N_F_J_001
NISAR_L2_GCOV_PROVISIONAL_V1,141,A,013,20260717,0.0,NISAR_L2_PR_GCOV_025_141_A_013_4005_DHDH_A_20260717T231241_20260717T231315_P05023_N_F_J_001
NISAR_L2_GCOV_PROVISIONAL_V1,141,A,014,20260717,0.0,NISAR_L2_PR_GCOV_025_141_A_014_4005_DHDH_A_20260717T231314_20260717T231349_P05023_N_F_J_001
NISAR_L2_GCOV_PROVISIONAL_V1,141,A,015,20260717,0.0,NISAR_L2_PR_GCOV_025_141_A_015_4005_DHDH_A_20260717T231348_20260717T231423_P05023_N_F_J_001
NISAR_L2_GCOV_PROVISIONAL_V1,163,D,075,20260719,0.0,NISAR_L2_PR_GCOV_025_163_D_075_4005_DHDH_A_20260719T122530_20260719T122604_P05023_N_F_J_001
NISAR_L2_GCOV_PROVISIONAL_V1,163,D,076,20260719,0.0,NISAR_L2_PR_GCOV_025_163_D_076_4005_DHDH_A_20260719T122603_20260719T122638_P05023_N_F_J_001
NISAR_L2_GCOV_PROVISIONAL_V1,163,D,077,20260719,0.0,NISAR_L2_PR_GCOV_025_163_D_077_4005_DHDH_A_20260719T122637_20260719T122711_P05023_N_F_J_001
NISAR_L2_GCOV_PROVISIONAL_V1,163,D,078,20260719,0.0,NISAR_L2_PR_GCOV_025_163_D_078_4005_DHDH_A_20260719T122710_20260719T122736_P05023_N_P_J_001
NISAR_L2_GCOV_PROVISIONAL_V1,170,A,012,20260719,0.0,NISAR_L2_PR_GCOV_025_170_A_012_2005_DVDV_A_20260719T232846_20260719T232908_P05023_N_P_J_001
NISAR_L2_GCOV_PROVISIONAL_V1,170,A,012,20260719,0.0,NISAR_L2_PR_GCOV_025_170_A_012_4005_DHDH_A_20260719T232911_20260719T232921_P05023_N_P_J_001
NISAR_L2_GCOV_PROVISIONAL_V1,170,A,013,20260719,0.0,NISAR_L2_PR_GCOV_025_170_A_013_4005_DHDH_A_20260719T232920_20260719T232954_P05023_N_F_J_001
NISAR_L2_GCOV_PROVISIONAL_V1,170,A,014,20260719,0.0,NISAR_L2_PR_GCOV_025_170_A_014_4005_DHDH_A_20260719T232953_20260719T233028_P05023_N_F_J_001
NISAR_L2_GCOV_PROVISIONAL_V1,170,A,015,20260719,0.0,NISAR_L2_PR_GCOV_025_170_A_015_4005_DHDH_A_20260719T233027_20260719T233101_P05023_N_F_J_001
NISAR_L2_GCOV_PROVISIONAL_V1,019,D,075,20260721,0.0,NISAR_L2_PR_GCOV_026_019_D_075_4005_DHDH_A_20260721T124208_20260721T124242_P05023_N_F_J_001
NISAR_L2_GCOV_PROVISIONAL_V1,019,D,076,20260721,0.0,NISAR_L2_PR_GCOV_026_019_D_076_4005_DHDH_A_20260721T124241_20260721T124316_P05023_N_F_J_001
NISAR_L2_GCOV_PROVISIONAL_V1,019,D,077,20260721,0.0,NISAR_L2_PR_GCOV_026_019_D_077_4005_DHDH_A_20260721T124315_20260721T124324_P05023_N_P_J_001
NISAR_L2_GCOV_PROVISIONAL_V1,019,D,077,20260721,0.0,NISAR_L2_PR_GCOV_026_019_D_077_4005_DHDH_A_20260721T124327_20260721T124348_P05023_N_P_J_001
NISAR_L2_GCOV_PROVISIONAL_V1,019,D,078,20260721,0.0,NISAR_L2_PR_GCOV_026_019_D_078_2005_DVDV_A_20260721T124351_20260721T124423_P05023_N_F_J_001
NISAR_L2_GCOV_PROVISIONAL_V1,040,A,015,20260722,0.0,NISAR_L2_PR_GCOV_026_040_A_015_4005_DHDH_A_20260722T230528_20260722T230602_P05023_N_F_J_001
NISAR_L2_GCOV_PROVISIONAL_V1,069,A,012,20260724,0.0,NISAR_L2_PR_GCOV_026_069_A_012_4005_DHDH_A_20260724T232035_20260724T232100_P05023_N_P_J_001
NISAR_L2_GCOV_PROVISIONAL_V1,069,A,013,20260724,0.0,NISAR_L2_PR_GCOV_026_069_A_013_4005_DHDH_A_20260724T232059_20260724T232134_P05023_N_F_J_001
NISAR_L2_GCOV_PROVISIONAL_V1,069,A,014,20260724,0.0,NISAR_L2_PR_GCOV_026_069_A_014_4005_DHDH_A_20260724T232133_20260724T232208_P05023_N_F_J_001
NISAR_L2_GCOV_PROVISIONAL_V1,069,A,015,20260724,0.0,NISAR_L2_PR_GCOV_026_069_A_015_4005_DHDH_A_20260724T232207_20260724T232241_P05023_N_F_J_001
NISAR_L2_GCOV_PROVISIONAL_V1,091,D,075,20260726,0.0,NISAR_L2_PR_GCOV_026_091_D_075_4005_DHDH_A_20260726T123348_20260726T123423_P05023_N_F_J_001
NISAR_L2_GCOV_PROVISIONAL_V1,091,D,076,20260726,0.0,NISAR_L2_PR_GCOV_026_091_D_076_4005_DHDH_A_20260726T123422_20260726T123457_P05023_N_F_J_001
NISAR_L2_GCOV_PROVISIONAL_V1,091,D,077,20260726,0.0,NISAR_L2_PR_GCOV_026_091_D_077_4005_DHDH_A_20260726T123456_20260726T123512_P05023_N_P_J_001
NISAR_L2_GCOV_PROVISIONAL_V1,091,D,077,20260726,0.0,NISAR_L2_PR_GCOV_026_091_D_077_2005_DVDV_A_20260726T123515_20260726T123530_P05023_N_P_J_001
NISAR_L2_GCOV_PROVISIONAL_V1,091,D,078,20260726,0.0,NISAR_L2_PR_GCOV_026_091_D_078_2005_DVDV_A_20260726T123529_20260726T123604_P05023_N_F_J_001
NISAR_L2_GCOV_PROVISIONAL_V1,098,A,012,20260726,0.0,NISAR_L2_PR_GCOV_026_098_A_012_4005_DHDH_A_20260726T233715_20260726T233739_P05023_N_P_J_001
NISAR_L2_GCOV_PROVISIONAL_V1,098,A,013,20260726,0.0,NISAR_L2_PR_GCOV_026_098_A_013_4005_DHDH_A_20260726T233738_20260726T233813_P05023_N_F_J_001
NISAR_L2_GCOV_PROVISIONAL_V1,141,A,012,20260810,0.0,NISAR_L2_PR_GCOV_027_141_A_012_4005_DHDH_A_20260810T231206_20260810T231240_P05023_N_F_J_001
NISAR_L2_GCOV_PROVISIONAL_V1,141,A,013,20260810,0.0,NISAR_L2_PR_GCOV_027_141_A_013_4005_DHDH_A_20260810T231239_20260810T231314_P05023_N_F_J_001
NISAR_L2_GCOV_PROVISIONAL_V1,141,A,014,20260810,0.0,NISAR_L2_PR_GCOV_027_141_A_014_4005_DHDH_A_20260810T231313_20260810T231348_P05023_N_F_J_001
NISAR_L2_GCOV_PROVISIONAL_V1,141,A,015,20260810,0.0,NISAR_L2_PR_GCOV_027_141_A_015_4005_DHDH_A_20260810T231347_20260810T231421_P05023_N_F_J_001
NISAR_L2_GCOV_PROVISIONAL_V1,163,D,075,20260812,0.0,NISAR_L2_PR_GCOV_027_163_D_075_4005_DHDH_A_20260812T122528_20260812T122603_P05023_N_F_J_001
NISAR_L2_GCOV_PROVISIONAL_V1,163,D,076,20260812,0.0,NISAR_L2_PR_GCOV_027_163_D_076_4005_DHDH_A_20260812T122602_20260812T122636_P05023_N_F_J_001
NISAR_L2_GCOV_PROVISIONAL_V1,163,D,077,20260812,0.0,NISAR_L2_PR_GCOV_027_163_D_077_4005_DHDH_A_20260812T122635_20260812T122710_P05023_N_F_J_001
NISAR_L2_GCOV_PROVISIONAL_V1,163,D,078,20260812,0.0,NISAR_L2_PR_GCOV_027_163_D_078_4005_DHDH_A_20260812T122709_20260812T122735_P05023_N_P_J_001
NISAR_L2_GCOV_PROVISIONAL_V1,170,A,012,20260812,0.0,NISAR_L2_PR_GCOV_027_170_A_012_2005_DVDV_A_20260812T232845_20260812T232907_P05023_N_P_J_001
NISAR_L2_GCOV_PROVISIONAL_V1,170,A,012,20260812,0.0,NISAR_L2_PR_GCOV_027_170_A_012_4005_DHDH_A_20260812T232910_20260812T232919_P05023_N_P_J_001
NISAR_L2_GCOV_PROVISIONAL_V1,170,A,013,20260812,0.0,NISAR_L2_PR_GCOV_027_170_A_013_4005_DHDH_A_20260812T232918_20260812T232953_P05023_N_F_J_001
NISAR_L2_GCOV_PROVISIONAL_V1,170,A,014,20260812,0.0,NISAR_L2_PR_GCOV_027_170_A_014_4005_DHDH_A_20260812T232952_20260812T233026_P05023_N_F_J_001
NISAR_L2_GCOV_PROVISIONAL_V1,170,A,015,20260812,0.0,NISAR_L2_PR_GCOV_027_170_A_015_4005_DHDH_A_20260812T233025_20260812T233100_P05023_N_F_J_001
NISAR_L2_GCOV_PROVISIONAL_V1,019,D,075,20260814,0.0,NISAR_L2_PR_GCOV_028_019_D_075_4005_DHDH_A_20260814T124207_20260814T124241_P05023_N_F_J_001
NISAR_L2_GCOV_PROVISIONAL_V1,019,D,076,20260814,0.0,NISAR_L2_PR_GCOV_028_019_D_076_4005_DHDH_A_20260814T124240_20260814T124315_P05023_N_F_J_001
NISAR_L2_GCOV_PROVISIONAL_V1,019,D,077,20260814,0.0,NISAR_L2_PR_GCOV_028_019_D_077_4005_DHDH_A_20260814T124314_20260814T124323_P05023_N_P_J_001
NISAR_L2_GCOV_PROVISIONAL_V1,019,D,077,20260814,0.0,NISAR_L2_PR_GCOV_028_019_D_077_4005_DHDH_A_20260814T124326_20260814T124347_P05023_N_P_J_001
NISAR_L2_GCOV_PROVISIONAL_V1,019,D,078,20260814,0.0,NISAR_L2_PR_GCOV_028_019_D_078_2005_DVDV_A_20260814T124350_20260814T124422_P05023_N_F_J_001
NISAR_L2_GCOV_PROVISIONAL_V1,040,A,015,20260815,0.0,NISAR_L2_PR_GCOV_028_040_A_015_4005_DHDH_A_20260815T230527_20260815T230601_P05023_N_F_J_001
NISAR_L2_GCOV_PROVISIONAL_V1,069,A,012,20260817,0.0,NISAR_L2_PR_GCOV_028_069_A_012_4005_DHDH_A_20260817T232034_20260817T232059_P05023_N_P_J_001
NISAR_L2_GCOV_PROVISIONAL_V1,069,A,013,20260817,0.0,NISAR_L2_PR_GCOV_028_069_A_013_4005_DHDH_A_20260817T232058_20260817T232133_P05023_N_F_J_001
NISAR_L2_GCOV_PROVISIONAL_V1,069,A,014,20260817,0.0,NISAR_L2_PR_GCOV_028_069_A_014_4005_DHDH_A_20260817T232132_20260817T232206_P05023_N_F_J_001
NISAR_L2_GCOV_PROVISIONAL_V1,069,A,015,20260817,0.0,NISAR_L2_PR_GCOV_028_069_A_015_4005_DHDH_A_20260817T232205_20260817T232240_P05023_N_F_J_001
NISAR_L2_GCOV_PROVISIONAL_V1,091,D,075,20260819,0.0,NISAR_L2_PR_GCOV_028_091_D_075_4005_DHDH_A_20260819T123347_20260819T123422_P05023_N_F_J_001
NISAR_L2_GCOV_PROVISIONAL_V1,091,D,076,20260819,0.0,NISAR_L2_PR_GCOV_028_091_D_076_4005_DHDH_A_20260819T123421_20260819T123455_P05023_N_F_J_001
NISAR_L2_GCOV_PROVISIONAL_V1,091,D,077,20260819,0.0,NISAR_L2_PR_GCOV_028_091_D_077_4005_DHDH_A_20260819T123454_20260819T123511_P05023_N_P_J_001
NISAR_L2_GCOV_PROVISIONAL_V1,091,D,077,20260819,0.0,NISAR_L2_PR_GCOV_028_091_D_077_2005_DVDV_A_20260819T123514_20260819T123529_P05023_N_P_J_001
NISAR_L2_GCOV_PROVISIONAL_V1,091,D,078,20260819,0.0,NISAR_L2_PR_GCOV_028_091_D_078_2005_DVDV_A_20260819T123528_20260819T123602_P05023_N_F_J_001
NISAR_L2_GCOV_PROVISIONAL_V1,098,A,012,20260819,0.0,NISAR_L2_PR_GCOV_028_098_A_012_4005_DHDH_A_20260819T233714_20260819T233738_P05023_N_P_J_001
NISAR_L2_GCOV_PROVISIONAL_V1,098,A,013,20260819,0.0,NISAR_L2_PR_GCOV_028_098_A_013_4005_DHDH_A_20260819T233737_20260819T233812_P05023_N_F_J_001
NISAR_L2_GCOV_PROVISIONAL_V1,120,D,075,20260821,0.0,NISAR_L2_PR_GCOV_028_120_D_075_2005_QPDH_A_20260821T125026_20260821T125101_P05023_N_F_J_001
NISAR_L2_GCOV_PROVISIONAL_V1,120,D,076,20260821,0.0,NISAR_L2_PR_GCOV_028_120_D_076_2005_QPDH_A_20260821T125100_20260821T125134_P05023_N_F_J_001
NISAR_L2_GCOV_PROVISIONAL_V1,120,D,077,20260821,0.0,NISAR_L2_PR_GCOV_028_120_D_077_2005_QPDH_A_20260821T125133_20260821T125208_P05023_N_F_J_001
NISAR_L2_GCOV_PROVISIONAL_V1,141,A,012,20260822,0.0,NISAR_L2_PR_GCOV_028_141_A_012_4005_DHDH_A_20260822T231205_20260822T231240_P05023_N_F_J_001
NISAR_L2_GCOV_PROVISIONAL_V1,141,A,014,20260822,0.0,NISAR_L2_PR_GCOV_028_141_A_014_4005_DHDH_A_20260822T231312_20260822T231347_P05023_N_F_J_001
NISAR_L2_GCOV_PROVISIONAL_V1,141,A,015,20260822,0.0,NISAR_L2_PR_GCOV_028_141_A_015_4005_DHDH_A_20260822T231346_20260822T231421_P05023_N_F_J_001
NISAR_L2_GCOV_PROVISIONAL_V1,163,D,075,20260824,0.0,NISAR_L2_PR_GCOV_028_163_D_075_2005_QPDH_A_20260824T122528_20260824T122602_P05023_N_F_J_001
NISAR_L2_GCOV_PROVISIONAL_V1,163,D,076,20260824,0.0,NISAR_L2_PR_GCOV_028_163_D_076_2005_QPDH_A_20260824T122601_20260824T122636_P05023_N_F_J_001
NISAR_L2_GCOV_PROVISIONAL_V1,163,D,077,20260824,0.0,NISAR_L2_PR_GCOV_028_163_D_077_2005_QPDH_A_20260824T122635_20260824T122709_P05023_N_F_J_001
NISAR_L2_GCOV_PROVISIONAL_V1,163,D,078,20260824,0.0,NISAR_L2_PR_GCOV_028_163_D_078_2000_DVNA_M_20260824T122708_20260824T122743_P05023_N_F_J_001
NISAR_L2_GCOV_PROVISIONAL_V1,163,D,078,20260824,0.0,NISAR_L2_PR_GCOV_028_163_D_078_2005_QPDH_A_20260824T122708_20260824T122735_P05023_N_F_J_001
NISAR_L2_GCOV_PROVISIONAL_V1,170,A,012,20260824,0.0,NISAR_L2_PR_GCOV_028_170_A_012_2005_DVDV_A_20260824T232844_20260824T232907_P05023_N_P_J_001
NISAR_L2_GCOV_PROVISIONAL_V1,170,A,012,20260824,0.0,NISAR_L2_PR_GCOV_028_170_A_012_4005_DHDH_A_20260824T232910_20260824T232919_P05023_N_P_J_001
NISAR_L2_GCOV_PROVISIONAL_V1,170,A,013,20260824,0.0,NISAR_L2_PR_GCOV_028_170_A_013_4005_DHDH_A_20260824T232918_20260824T232952_P05023_N_F_J_001
NISAR_L2_GCOV_PROVISIONAL_V1,170,A,014,20260824,0.0,NISAR_L2_PR_GCOV_028_170_A_014_4005_DHDH_A_20260824T232951_20260824T233026_P05023_N_F_J_001
NISAR_L2_GCOV_PROVISIONAL_V1,170,A,015,20260824,0.0,NISAR_L2_PR_GCOV_028_170_A_015_4005_DHDH_A_20260824T233025_20260824T233059_P05023_N_F_J_001
NISAR_L2_GCOV_PROVISIONAL_V1,019,D,075,20260826,0.0,NISAR_L2_PR_GCOV_029_019_D_075_2005_QPDH_A_20260826T124206_20260826T124241_P05023_N_F_J_001
NISAR_L2_GCOV_PROVISIONAL_V1,019,D,076,20260826,0.0,NISAR_L2_PR_GCOV_029_019_D_076_2005_QPDH_A_20260826T124240_20260826T124315_P05023_N_F_J_001
NISAR_L2_GCOV_PROVISIONAL_V1,019,D,077,20260826,0.0,NISAR_L2_PR_GCOV_029_019_D_077_2005_QPDH_A_20260826T124314_20260826T124348_P05023_N_F_J_001
NISAR_L2_GCOV_PROVISIONAL_V1,019,D,078,20260826,0.0,NISAR_L2_PR_GCOV_029_019_D_078_2000_DVNA_M_20260826T124347_20260826T124422_P05023_N_F_J_001
NISAR_L2_GCOV_PROVISIONAL_V1,019,D,078,20260826,0.0,NISAR_L2_PR_GCOV_029_019_D_078_2005_QPDH_A_20260826T124347_20260826T124407_P05023_N_P_J_001
NISAR_L2_GCOV_PROVISIONAL_V1,040,A,015,20260827,0.0,NISAR_L2_PR_GCOV_029_040_A_015_4005_DHDH_A_20260827T230526_20260827T230601_P05023_N_F_J_001
NISAR_L2_GCOV_PROVISIONAL_V1,069,A,012,20260829,0.0,NISAR_L2_PR_GCOV_029_069_A_012_4005_DHDH_A_20260829T232034_20260829T232059_P05023_N_P_J_001
NISAR_L2_GCOV_PROVISIONAL_V1,069,A,013,20260829,0.0,NISAR_L2_PR_GCOV_029_069_A_013_4005_DHDH_A_20260829T232058_20260829T232133_P05023_N_F_J_001
NISAR_L2_GCOV_PROVISIONAL_V1,069,A,014,20260829,0.0,NISAR_L2_PR_GCOV_029_069_A_014_4005_DHDH_A_20260829T232132_20260829T232206_P05023_N_F_J_001
NISAR_L2_GCOV_PROVISIONAL_V1,069,A,015,20260829,0.0,NISAR_L2_PR_GCOV_029_069_A_015_4005_DHDH_A_20260829T232205_20260829T232240_P05023_N_F_J_001
NISAR_L2_GCOV_PROVISIONAL_V1,091,D,075,20260831,0.0,NISAR_L2_PR_GCOV_029_091_D_075_2005_QPDH_A_20260831T123347_20260831T123422_P05023_N_F_J_001
NISAR_L2_GCOV_PROVISIONAL_V1,091,D,076,20260831,0.0,NISAR_L2_PR_GCOV_029_091_D_076_2005_QPDH_A_20260831T123421_20260831T123455_P05023_N_F_J_001
NISAR_L2_GCOV_PROVISIONAL_V1,091,D,077,20260831,0.0,NISAR_L2_PR_GCOV_029_091_D_077_2005_QPDH_A_20260831T123454_20260831T123529_P05023_N_F_J_001
NISAR_L2_GCOV_PROVISIONAL_V1,091,D,078,20260831,0.0,NISAR_L2_PR_GCOV_029_091_D_078_2000_DVNA_M_20260831T123528_20260831T123602_P05023_N_F_J_001
NISAR_L2_GCOV_PROVISIONAL_V1,091,D,078,20260831,0.0,NISAR_L2_PR_GCOV_029_091_D_078_2005_QPDH_A_20260831T123528_20260831T123543_P05023_N_P_J_001
NISAR_L2_GCOV_PROVISIONAL_V1,098,A,012,20260831,0.0,NISAR_L2_PR_GCOV_029_098_A_012_4005_DHDH_A_20260831T233714_20260831T233738_P05023_N_P_J_001
NISAR_L2_GCOV_PROVISIONAL_V1,098,A,013,20260831,0.0,NISAR_L2_PR_GCOV_029_098_A_013_4005_DHDH_A_20260831T233737_20260831T233811_P05023_N_F_J_001
NISAR_L2_GCOV_PROVISIONAL_V1,120,D,075,20260902,0.0,NISAR_L2_PR_GCOV_029_120_D_075_2005_QPDH_A_20260902T125054_20260902T125100_P05023_N_P_J_001
NISAR_L2_GCOV_PROVISIONAL_V1,120,D,076,20260902,0.0,NISAR_L2_PR_GCOV_029_120_D_076_2005_QPDH_A_20260902T125059_20260902T125134_P05023_N_F_J_001
NISAR_L2_GCOV_PROVISIONAL_V1,120,D,077,20260902,0.0,NISAR_L2_PR_GCOV_029_120_D_077_2005_QPDH_A_20260902T125133_20260902T125208_P05023_N_F_J_001
NISAR_L2_GCOV_PROVISIONAL_V1,141,A,012,20260903,0.0,NISAR_L2_PR_GCOV_029_141_A_012_4005_DHDH_A_20260903T231205_20260903T231240_P05023_N_F_J_001
NISAR_L2_GCOV_PROVISIONAL_V1,141,A,013,20260903,0.0,NISAR_L2_PR_GCOV_029_141_A_013_4005_DHDH_A_20260903T231239_20260903T231313_P05023_N_F_J_001
NISAR_L2_GCOV_PROVISIONAL_V1,141,A,014,20260903,0.0,NISAR_L2_PR_GCOV_029_141_A_014_4005_DHDH_A_20260903T231312_20260903T231347_P05023_N_F_J_001
NISAR_L2_GCOV_PROVISIONAL_V1,141,A,015,20260903,0.0,NISAR_L2_PR_GCOV_029_141_A_015_4005_DHDH_A_20260903T231346_20260903T231420_P05023_N_F_J_001
NISAR_L2_GCOV_PROVISIONAL_V1,163,D,075,20260905,0.0,NISAR_L2_PR_GCOV_029_163_D_075_4005_DHDH_A_20260905T122527_20260905T122602_P05023_N_F_J_001
NISAR_L2_GCOV_PROVISIONAL_V1,163,D,075,20260905,0.0,NISAR_L2_PR_GCOV_029_163_D_075_4005_DHDH_A_20260905T122527_20260905T122602_P05023_N_F_J_002
NISAR_L2_GCOV_PROVISIONAL_V1,163,D,076,20260905,0.0,NISAR_L2_PR_GCOV_029_163_D_076_4005_DHDH_A_20260905T122601_20260905T122636_P05023_N_F_J_001
NISAR_L2_GCOV_PROVISIONAL_V1,163,D,076,20260905,0.0,NISAR_L2_PR_GCOV_029_163_D_076_4005_DHDH_A_20260905T122601_20260905T122636_P05023_N_F_J_002
NISAR_L2_GCOV_PROVISIONAL_V1,163,D,077,20260905,0.0,NISAR_L2_PR_GCOV_029_163_D_077_4005_DHDH_A_20260905T122635_20260905T122709_P05023_N_F_J_001
NISAR_L2_GCOV_PROVISIONAL_V1,163,D,077,20260905,0.0,NISAR_L2_PR_GCOV_029_163_D_077_4005_DHDH_A_20260905T122635_20260905T122709_P05023_N_F_J_002
NISAR_L2_GCOV_PROVISIONAL_V1,163,D,078,20260905,0.0,NISAR_L2_PR_GCOV_029_163_D_078_4005_DHDH_A_20260905T122708_20260905T122735_P05023_N_F_J_001
NISAR_L2_GCOV_PROVISIONAL_V1,163,D,078,20260905,0.0,NISAR_L2_PR_GCOV_029_163_D_078_4005_DHDH_A_20260905T122708_20260905T122735_P05023_N_F_J_002
NISAR_L2_GCOV_PROVISIONAL_V1,170,A,012,20260905,0.0,NISAR_L2_PR_GCOV_029_170_A_012_2005_DVDV_A_20260905T232844_20260905T232907_P05023_N_P_J_001
NISAR_L2_GCOV_PROVISIONAL_V1,170,A,012,20260905,0.0,NISAR_L2_PR_GCOV_029_170_A_012_2005_DVDV_A_20260905T232844_20260905T232907_P05023_N_P_J_002
NISAR_L2_GCOV_PROVISIONAL_V1,170,A,012,20260905,0.0,NISAR_L2_PR_GCOV_029_170_A_012_4005_DHDH_A_20260905T232910_20260905T232919_P05023_N_P_J_001
NISAR_L2_GCOV_PROVISIONAL_V1,170,A,012,20260905,0.0,NISAR_L2_PR_GCOV_029_170_A_012_4005_DHDH_A_20260905T232910_20260905T232919_P05023_N_P_J_002
NISAR_L2_GCOV_PROVISIONAL_V1,170,A,013,20260905,0.0,NISAR_L2_PR_GCOV_029_170_A_013_4005_DHDH_A_20260905T232918_20260905T232952_P05023_N_F_J_001
NISAR_L2_GCOV_PROVISIONAL_V1,170,A,013,20260905,0.0,NISAR_L2_PR_GCOV_029_170_A_013_4005_DHDH_A_20260905T232918_20260905T232952_P05023_N_F_J_002
NISAR_L2_GCOV_PROVISIONAL_V1,170,A,014,20260905,0.0,NISAR_L2_PR_GCOV_029_170_A_014_4005_DHDH_A_20260905T232951_20260905T233026_P05023_N_F_J_001
NISAR_L2_GCOV_PROVISIONAL_V1,170,A,015,20260905,0.0,NISAR_L2_PR_GCOV_029_170_A_015_4005_DHDH_A_20260905T233025_20260905T233059_P05023_N_F_J_001
NISAR_L2_GCOV_PROVISIONAL_V1,170,A,015,20260905,0.0,NISAR_L2_PR_GCOV_029_170_A_015_4005_DHDH_A_20260905T233025_20260905T233059_P05023_N_F_J_002
NISAR_L2_GCOV_PROVISIONAL_V1,019,D,075,20260907,0.0,NISAR_L2_PR_GCOV_030_019_D_075_4005_DHDH_A_20260907T124206_20260907T124241_P05023_N_F_J_001
NISAR_L2_GCOV_PROVISIONAL_V1,019,D,076,20260907,0.0,NISAR_L2_PR_GCOV_030_019_D_076_2005_DHDH_M_20260907T124240_20260907T124314_P05023_N_F_J_001
NISAR_L2_GCOV_PROVISIONAL_V1,019,D,076,20260907,0.0,NISAR_L2_PR_GCOV_030_019_D_076_2005_QPDH_A_20260907T124250_20260907T124314_P05023_N_P_J_001
NISAR_L2_GCOV_PROVISIONAL_V1,019,D,077,20260907,0.0,NISAR_L2_PR_GCOV_030_019_D_077_2005_QPDH_A_20260907T124313_20260907T124348_P05023_N_F_J_001
NISAR_L2_GCOV_PROVISIONAL_V1,019,D,078,20260907,0.0,NISAR_L2_PR_GCOV_030_019_D_078_2000_DVNA_M_20260907T124347_20260907T124421_P05023_N_F_J_001
NISAR_L2_GCOV_PROVISIONAL_V1,019,D,078,20260907,0.0,NISAR_L2_PR_GCOV_030_019_D_078_2005_QPDH_A_20260907T124347_20260907T124407_P05023_N_P_J_001
NISAR_L2_GCOV_PROVISIONAL_V1,040,A,015,20260908,0.0,NISAR_L2_PR_GCOV_030_040_A_015_4005_DHDH_A_20260908T230526_20260908T230601_P05023_N_F_J_001
NISAR_L2_GCOV_PROVISIONAL_V1,069,A,012,20260910,0.0,NISAR_L2_PR_GCOV_030_069_A_012_4005_DHDH_A_20260910T232034_20260910T232059_P05023_N_P_J_001
NISAR_L2_GCOV_PROVISIONAL_V1,069,A,013,20260910,0.0,NISAR_L2_PR_GCOV_030_069_A_013_4005_DHDH_A_20260910T232058_20260910T232132_P05023_N_F_J_001
NISAR_L2_GCOV_PROVISIONAL_V1,069,A,014,20260910,0.0,NISAR_L2_PR_GCOV_030_069_A_014_4005_DHDH_A_20260910T232131_20260910T232206_P05023_N_F_J_001
NISAR_L2_GCOV_PROVISIONAL_V1,069,A,015,20260910,0.0,NISAR_L2_PR_GCOV_030_069_A_015_4005_DHDH_A_20260910T232205_20260910T232240_P05023_N_F_J_001
NISAR_L2_GCOV_PROVISIONAL_V1,091,D,075,20260912,0.0,NISAR_L2_PR_GCOV_030_091_D_075_4005_DHDH_A_20260912T123347_20260912T123421_P05023_N_F_J_001
NISAR_L2_GCOV_PROVISIONAL_V1,091,D,076,20260912,0.0,NISAR_L2_PR_GCOV_030_091_D_076_4005_DHDH_A_20260912T123420_20260912T123455_P05023_N_F_J_001
NISAR_L2_GCOV_PROVISIONAL_V1,091,D,077,20260912,0.0,NISAR_L2_PR_GCOV_030_091_D_077_2005_DHDH_M_20260912T123454_20260912T123529_P05023_N_F_J_001
NISAR_L2_GCOV_PROVISIONAL_V1,091,D,077,20260912,0.0,NISAR_L2_PR_GCOV_030_091_D_077_4005_DHDH_A_20260912T123454_20260912T123511_P05023_N_P_J_001
NISAR_L2_GCOV_PROVISIONAL_V1,091,D,077,20260912,0.0,NISAR_L2_PR_GCOV_030_091_D_077_2005_QPDH_A_20260912T123514_20260912T123529_P05023_N_P_J_001
NISAR_L2_GCOV_PROVISIONAL_V1,091,D,078,20260912,0.0,NISAR_L2_PR_GCOV_030_091_D_078_2005_QPDH_A_20260912T123528_20260912T123543_P05023_N_P_J_001
NISAR_L2_GCOV_PROVISIONAL_V1,091,D,078,20260912,0.0,NISAR_L2_PR_GCOV_030_091_D_078_2000_DVNA_M_20260912T123528_20260912T123602_P05023_N_F_J_001
NISAR_L2_GCOV_PROVISIONAL_V1,098,A,012,20260912,0.0,NISAR_L2_PR_GCOV_030_098_A_012_4005_DHDH_A_20260912T233714_20260912T233738_P05023_N_P_J_001
NISAR_L2_GCOV_PROVISIONAL_V1,098,A,013,20260912,0.0,NISAR_L2_PR_GCOV_030_098_A_013_4005_DHDH_A_20260912T233737_20260912T233811_P05023_N_F_J_001
NISAR_L2_GCOV_PROVISIONAL_V1,120,D,075,20260914,0.0,NISAR_L2_PR_GCOV_030_120_D_075_2005_QPDH_A_20260914T125026_20260914T125100_P05023_N_F_J_001
NISAR_L2_GCOV_PROVISIONAL_V1,120,D,076,20260914,0.0,NISAR_L2_PR_GCOV_030_120_D_076_2005_QPDH_A_20260914T125059_20260914T125134_P05023_N_F_J_001
NISAR_L2_GCOV_PROVISIONAL_V1,120,D,077,20260914,0.0,NISAR_L2_PR_GCOV_030_120_D_077_2005_QPDH_A_20260914T125133_20260914T125207_P05023_N_F_J_001
NISAR_L2_GCOV_PROVISIONAL_V1,141,A,012,20260915,0.0,NISAR_L2_PR_GCOV_030_141_A_012_4005_DHDH_A_20260915T231205_20260915T231239_P05023_N_F_J_001
NISAR_L2_GCOV_PROVISIONAL_V1,141,A,013,20260915,0.0,NISAR_L2_PR_GCOV_030_141_A_013_4005_DHDH_A_20260915T231238_20260915T231313_P05023_N_F_J_001
NISAR_L2_GCOV_PROVISIONAL_V1,141,A,014,20260915,0.0,NISAR_L2_PR_GCOV_030_141_A_014_4005_DHDH_A_20260915T231312_20260915T231347_P05023_N_F_J_001
NISAR_L2_GCOV_PROVISIONAL_V1,141,A,015,20260915,0.0,NISAR_L2_PR_GCOV_030_141_A_015_4005_DHDH_A_20260915T231346_20260915T231420_P05023_N_F_J_001
NISAR_L2_GCOV_PROVISIONAL_V1,163,D,075,20260917,0.0,NISAR_L2_PR_GCOV_030_163_D_075_2005_QPDH_A_20260917T122527_20260917T122602_P05023_N_F_J_001
NISAR_L2_GCOV_PROVISIONAL_V1,163,D,076,20260917,0.0,NISAR_L2_PR_GCOV_030_163_D_076_2005_QPDH_A_20260917T122601_20260917T122636_P05023_N_F_J_001
NISAR_L2_GCOV_PROVISIONAL_V1,163,D,077,20260917,0.0,NISAR_L2_PR_GCOV_030_163_D_077_2005_QPDH_A_20260917T122635_20260917T122709_P05023_N_F_J_001
NISAR_L2_GCOV_PROVISIONAL_V1,163,D,078,20260917,0.0,NISAR_L2_PR_GCOV_030_163_D_078_2000_DVNA_M_20260917T122708_20260917T122743_P05023_N_F_J_001
NISAR_L2_GCOV_PROVISIONAL_V1,163,D,078,20260917,0.0,NISAR_L2_PR_GCOV_030_163_D_078_2005_QPDH_A_20260917T122708_20260917T122735_P05023_N_F_J_001
NISAR_L2_GCOV_PROVISIONAL_V1,170,A,012,20260917,0.0,NISAR_L2_PR_GCOV_030_170_A_012_2005_DVDV_A_20260917T232844_20260917T232907_P05023_F_P_J_001
NISAR_L2_GCOV_PROVISIONAL_V1,170,A,012,20260917,0.0,NISAR_L2_PR_GCOV_030_170_A_012_4005_DHDH_A_20260917T232910_20260917T232918_P05023_F_P_J_001
NISAR_L2_GCOV_PROVISIONAL_V1,170,A,013,20260917,0.0,NISAR_L2_PR_GCOV_030_170_A_013_4005_DHDH_A_20260917T232917_20260917T232952_P05023_F_F_J_001
NISAR_L2_GCOV_PROVISIONAL_V1,170,A,014,20260917,0.0,NISAR_L2_PR_GCOV_030_170_A_014_4005_DHDH_A_20260917T232951_20260917T233025_P05023_F_F_J_001
NISAR_L2_GCOV_PROVISIONAL_V1,170,A,015,20260917,0.0,NISAR_L2_PR_GCOV_030_170_A_015_4005_DHDH_A_20260917T233024_20260917T233059_P05023_F_F_J_001
NISAR_L2_GCOV_PROVISIONAL_V1,019,D,075,20260919,0.0,NISAR_L2_PR_GCOV_031_019_D_075_2005_QPDH_A_20260919T124206_20260919T124241_P05023_F_F_J_001
NISAR_L2_GCOV_PROVISIONAL_V1,019,D,076,20260919,0.0,NISAR_L2_PR_GCOV_031_019_D_076_2005_QPDH_A_20260919T124240_20260919T124314_P05023_F_F_J_001
NISAR_L2_GCOV_PROVISIONAL_V1,019,D,077,20260919,0.0,NISAR_L2_PR_GCOV_031_019_D_077_2005_QPDH_A_20260919T124313_20260919T124348_P05023_F_F_J_001
NISAR_L2_GCOV_PROVISIONAL_V1,019,D,078,20260919,0.0,NISAR_L2_PR_GCOV_031_019_D_078_2005_QPDH_A_20260919T124347_20260919T124407_P05023_F_P_J_001
NISAR_L2_GCOV_PROVISIONAL_V1,019,D,078,20260919,0.0,NISAR_L2_PR_GCOV_031_019_D_078_2000_DVNA_M_20260919T124347_20260919T124422_P05023_F_F_J_001
NISAR_L2_GCOV_PROVISIONAL_V1,040,A,015,20260920,0.0,NISAR_L2_PR_GCOV_031_040_A_015_4005_DHDH_A_20260920T230526_20260920T230601_P05023_N_F_J_001
NISAR_L2_GCOV_PROVISIONAL_V1,069,A,012,20260922,0.0,NISAR_L2_PR_GCOV_031_069_A_012_4005_DHDH_A_20260922T232034_20260922T232059_P05023_N_P_J_001
NISAR_L2_GCOV_PROVISIONAL_V1,069,A,013,20260922,0.0,NISAR_L2_PR_GCOV_031_069_A_013_4005_DHDH_A_20260922T232058_20260922T232133_P05023_N_F_J_001
NISAR_L2_GCOV_PROVISIONAL_V1,069,A,014,20260922,0.0,NISAR_L2_PR_GCOV_031_069_A_014_4005_DHDH_A_20260922T232132_20260922T232206_P05023_N_F_J_001
NISAR_L2_GCOV_PROVISIONAL_V1,069,A,015,20260922,0.0,NISAR_L2_PR_GCOV_031_069_A_015_4005_DHDH_A_20260922T232205_20260922T232240_P05023_N_F_J_001
NISAR_L2_GCOV_PROVISIONAL_V1,091,D,075,20260924,0.0,NISAR_L2_PR_GCOV_031_091_D_075_2005_QPDH_A_20260924T123347_20260924T123421_P05023_N_F_J_001
NISAR_L2_GCOV_PROVISIONAL_V1,091,D,076,20260924,0.0,NISAR_L2_PR_GCOV_031_091_D_076_2005_QPDH_A_20260924T123420_20260924T123455_P05023_N_F_J_001
NISAR_L2_GCOV_PROVISIONAL_V1,091,D,077,20260924,0.0,NISAR_L2_PR_GCOV_031_091_D_077_2005_QPDH_A_20260924T123454_20260924T123529_P05023_N_F_J_001
NISAR_L2_GCOV_PROVISIONAL_V1,091,D,078,20260924,0.0,NISAR_L2_PR_GCOV_031_091_D_078_2005_QPDH_A_20260924T123528_20260924T123543_P05023_N_P_J_001
NISAR_L2_GCOV_PROVISIONAL_V1,091,D,078,20260924,0.0,NISAR_L2_PR_GCOV_031_091_D_078_2000_DVNA_M_20260924T123528_20260924T123602_P05023_N_F_J_001
NISAR_L2_GCOV_PROVISIONAL_V1,098,A,012,20260924,0.0,NISAR_L2_PR_GCOV_031_098_A_012_4005_DHDH_A_20260924T233714_20260924T233738_P05023_N_P_J_001
NISAR_L2_GCOV_PROVISIONAL_V1,098,A,013,20260924,0.0,NISAR_L2_PR_GCOV_031_098_A_013_4005_DHDH_A_20260924T233737_20260924T233811_P05023_N_F_J_001
NISAR_L2_GCOV_PROVISIONAL_V1,120,D,075,20260926,0.0,NISAR_L2_PR_GCOV_031_120_D_075_2005_DHDH_M_20260926T125026_20260926T125100_P05023_N_F_J_001
NISAR_L2_GCOV_PROVISIONAL_V1,120,D,075,20260926,0.0,NISAR_L2_PR_GCOV_031_120_D_075_4005_DHDH_A_20260926T125026_20260926T125051_P05023_N_P_J_001
NISAR_L2_GCOV_PROVISIONAL_V1,120,D,075,20260926,0.0,NISAR_L2_PR_GCOV_031_120_D_075_2005_QPDH_A_20260926T125054_20260926T125100_P05023_N_P_J_001
NISAR_L2_GCOV_PROVISIONAL_V1,120,D,076,20260926,0.0,NISAR_L2_PR_GCOV_031_120_D_076_2005_QPDH_A_20260926T125059_20260926T125134_P05023_N_F_J_001
NISAR_L2_GCOV_PROVISIONAL_V1,120,D,077,20260926,0.0,NISAR_L2_PR_GCOV_031_120_D_077_2005_QPDH_A_20260926T125133_20260926T125207_P05023_N_F_J_001
NISAR_L2_GCOV_PROVISIONAL_V1,141,A,012,20260927,0.0,NISAR_L2_PR_GCOV_031_141_A_012_4005_DHDH_A_20260927T231205_20260927T231240_P05023_N_F_J_001
NISAR_L2_GCOV_PROVISIONAL_V1,141,A,013,20260927,0.0,NISAR_L2_PR_GCOV_031_141_A_013_4005_DHDH_A_20260927T231239_20260927T231313_P05023_N_F_J_001
NISAR_L2_GCOV_PROVISIONAL_V1,141,A,014,20260927,0.0,NISAR_L2_PR_GCOV_031_141_A_014_4005_DHDH_A_20260927T231312_20260927T231347_P05023_N_F_J_001
NISAR_L2_GCOV_PROVISIONAL_V1,141,A,015,20260927,0.0,NISAR_L2_PR_GCOV_031_141_A_015_4005_DHDH_A_20260927T231346_20260927T231420_P05023_N_F_J_001
NISAR_L2_GCOV_PROVISIONAL_V1,163,D,075,20260929,0.0,NISAR_L2_PR_GCOV_031_163_D_075_4005_DHDH_A_20260929T122527_20260929T122602_P05023_N_F_J_001
NISAR_L2_GCOV_PROVISIONAL_V1,163,D,076,20260929,0.0,NISAR_L2_PR_GCOV_031_163_D_076_4005_DHDH_A_20260929T122601_20260929T122636_P05023_N_F_J_001
NISAR_L2_GCOV_PROVISIONAL_V1,163,D,077,20260929,0.0,NISAR_L2_PR_GCOV_031_163_D_077_4005_DHDH_A_20260929T122635_20260929T122709_P05023_N_F_J_001
NISAR_L2_GCOV_PROVISIONAL_V1,163,D,078,20260929,0.0,NISAR_L2_PR_GCOV_031_163_D_078_4005_DHDH_A_20260929T122708_20260929T122735_P05023_N_F_J_001
NISAR_L2_GCOV_PROVISIONAL_V1,170,A,012,20260929,0.0,NISAR_L2_PR_GCOV_031_170_A_012_2005_DVDV_A_20260929T232844_20260929T232907_P05023_N_P_J_001
NISAR_L2_GCOV_PROVISIONAL_V1,170,A,012,20260929,0.0,NISAR_L2_PR_GCOV_031_170_A_012_4005_DHDH_A_20260929T232910_20260929T232918_P05023_N_P_J_001
NISAR_L2_GCOV_PROVISIONAL_V1,170,A,013,20260929,0.0,NISAR_L2_PR_GCOV_031_170_A_013_4005_DHDH_A_20260929T232917_20260929T232952_P05023_N_F_J_001
NISAR_L2_GCOV_PROVISIONAL_V1,170,A,014,20260929,0.0,NISAR_L2_PR_GCOV_031_170_A_014_4005_DHDH_A_20260929T232951_20260929T233026_P05023_N_F_J_001
NISAR_L2_GCOV_PROVISIONAL_V1,170,A,015,20260929,0.0,NISAR_L2_PR_GCOV_031_170_A_015_4005_DHDH_A_20260929T233025_20260929T233059_P05023_N_F_J_001
NISAR_L2_GCOV_PROVISIONAL_V1,019,D,075,20261001,0.0,NISAR_L2_PR_GCOV_032_019_D_075_4005_DHDH_A_20261001T124206_20261001T124241_P05023_N_F_J_001
NISAR_L2_GCOV_PROVISIONAL_V1,019,D,076,20261001,0.0,NISAR_L2_PR_GCOV_032_019_D_076_4005_DHDH_A_20261001T124240_20261001T124247_P05023_N_P_J_001
NISAR_L2_GCOV_PROVISIONAL_V1,019,D,076,20261001,0.0,NISAR_L2_PR_GCOV_032_019_D_076_2005_DHDH_M_20261001T124240_20261001T124314_P05023_N_F_J_001
NISAR_L2_GCOV_PROVISIONAL_V1,019,D,076,20261001,0.0,NISAR_L2_PR_GCOV_032_019_D_076_2005_QPDH_A_20261001T124250_20261001T124314_P05023_N_P_J_001
NISAR_L2_GCOV_PROVISIONAL_V1,019,D,077,20261001,0.0,NISAR_L2_PR_GCOV_032_019_D_077_2005_QPDH_A_20261001T124313_20261001T124348_P05023_N_F_J_001
NISAR_L2_GCOV_PROVISIONAL_V1,019,D,078,20261001,0.0,NISAR_L2_PR_GCOV_032_019_D_078_2000_DVNA_M_20261001T124347_20261001T124422_P05023_N_F_J_001
NISAR_L2_GCOV_PROVISIONAL_V1,019,D,078,20261001,0.0,NISAR_L2_PR_GCOV_032_019_D_078_2005_QPDH_A_20261001T124347_20261001T124407_P05023_N_P_J_001
NISAR_L2_GCOV_PROVISIONAL_V1,040,A,015,20261002,0.0,NISAR_L2_PR_GCOV_032_040_A_015_4005_DHDH_A_20261002T230526_20261002T230601_P05023_N_F_J_001
NISAR_L2_GCOV_PROVISIONAL_V1,069,A,012,20261004,0.0,NISAR_L2_PR_GCOV_032_069_A_012_4005_DHDH_A_20261004T232034_20261004T232059_P05023_N_P_J_001
NISAR_L2_GCOV_PROVISIONAL_V1,069,A,013,20261004,0.0,NISAR_L2_PR_GCOV_032_069_A_013_4005_DHDH_A_20261004T232058_20261004T232133_P05023_N_F_J_001
NISAR_L2_GCOV_PROVISIONAL_V1,069,A,014,20261004,0.0,NISAR_L2_PR_GCOV_032_069_A_014_4005_DHDH_A_20261004T232132_20261004T232206_P05023_N_F_J_001
NISAR_L2_GCOV_PROVISIONAL_V1,069,A,015,20261004,0.0,NISAR_L2_PR_GCOV_032_069_A_015_4005_DHDH_A_20261004T232205_20261004T232240_P05023_N_F_J_001
NISAR_L2_GCOV_PROVISIONAL_V1,091,D,075,20261006,0.0,NISAR_L2_PR_GCOV_032_091_D_075_4005_DHDH_A_20261006T123347_20261006T123421_P05023_N_F_J_001
NISAR_L2_GCOV_PROVISIONAL_V1,091,D,076,20261006,0.0,NISAR_L2_PR_GCOV_032_091_D_076_4005_DHDH_A_20261006T123420_20261006T123455_P05023_N_F_J_001
NISAR_L2_GCOV_PROVISIONAL_V1,091,D,077,20261006,0.0,NISAR_L2_PR_GCOV_032_091_D_077_4005_DHDH_A_20261006T123454_20261006T123511_P05023_N_P_J_001
NISAR_L2_GCOV_PROVISIONAL_V1,091,D,077,20261006,0.0,NISAR_L2_PR_GCOV_032_091_D_077_2005_DHDH_M_20261006T123454_20261006T123529_P05023_N_F_J_001
NISAR_L2_GCOV_PROVISIONAL_V1,091,D,077,20261006,0.0,NISAR_L2_PR_GCOV_032_091_D_077_2005_QPDH_A_20261006T123514_20261006T123529_P05023_N_P_J_001
NISAR_L2_GCOV_PROVISIONAL_V1,091,D,078,20261006,0.0,NISAR_L2_PR_GCOV_032_091_D_078_2000_DVNA_M_20261006T123528_20261006T123602_P05023_N_F_J_001
NISAR_L2_GCOV_PROVISIONAL_V1,091,D,078,20261006,0.0,NISAR_L2_PR_GCOV_032_091_D_078_2005_QPDH_A_20261006T123528_20261006T123543_P05023_N_P_J_001
NISAR_L2_GCOV_PROVISIONAL_V1,098,A,012,20261006,0.0,NISAR_L2_PR_GCOV_032_098_A_012_4005_DHDH_A_20261006T233714_20261006T233738_P05023_N_P_J_001
NISAR_L2_GCOV_PROVISIONAL_V1,098,A,013,20261006,0.0,NISAR_L2_PR_GCOV_032_098_A_013_4005_DHDH_A_20261006T233737_20261006T233811_P05023_N_F_J_001
