date,track,frame,direction,cycle,frame_coverage,size_gb,start_time,name,url
2026-06-27,019,076,D,024,Partial,5.41,2026-06-27T12:42:53Z,NISAR_L2_PR_GCOV_024_019_D_076_2005_QPDH_A_20260627T124253_20260627T124317_P05023_N_P_J_001,https://nisar.asf.earthdatacloud.nasa.gov/NISAR/NISAR_L2_GCOV_PROVISIONAL_V1/NISAR_L2_PR_GCOV_024_019_D_076_2005_QPDH_A_20260627T124253_20260627T124317_P05023_N_P_J_001/NISAR_L2_PR_GCOV_024_019_D_076_2005_QPDH_A_20260627T124253_20260627T124317_P05023_N_P_J_001.h5
2026-06-27,019,076,D,024,Full,1.92,2026-06-27T12:42:43Z,NISAR_L2_PR_GCOV_024_019_D_076_2005_DHDH_M_20260627T124243_20260627T124317_P05023_N_F_J_001,https://nisar.asf.earthdatacloud.nasa.gov/NISAR/NISAR_L2_GCOV_PROVISIONAL_V1/NISAR_L2_PR_GCOV_024_019_D_076_2005_DHDH_M_20260627T124243_20260627T124317_P05023_N_F_J_001/NISAR_L2_PR_GCOV_024_019_D_076_2005_DHDH_M_20260627T124243_20260627T124317_P05023_N_F_J_001.h5
2026-07-09,019,076,D,025,Partial,4.88,2026-07-09T12:42:52Z,NISAR_L2_PR_GCOV_025_019_D_076_4005_DHDH_A_20260709T124252_20260709T124317_P05023_N_P_J_001,https://nisar.asf.earthdatacloud.nasa.gov/NISAR/NISAR_L2_GCOV_PROVISIONAL_V1/NISAR_L2_PR_GCOV_025_019_D_076_4005_DHDH_A_20260709T124252_20260709T124317_P05023_N_P_J_001/NISAR_L2_PR_GCOV_025_019_D_076_4005_DHDH_A_20260709T124252_20260709T124317_P05023_N_P_J_001.h5
2026-07-09,019,076,D,025,Full,1.96,2026-07-09T12:42:42Z,NISAR_L2_PR_GCOV_025_019_D_076_2005_DHDH_M_20260709T124242_20260709T124317_P05023_N_F_J_001,https://nisar.asf.earthdatacloud.nasa.gov/NISAR/NISAR_L2_GCOV_PROVISIONAL_V1/NISAR_L2_PR_GCOV_025_019_D_076_2005_DHDH_M_20260709T124242_20260709T124317_P05023_N_F_J_001/NISAR_L2_PR_GCOV_025_019_D_076_2005_DHDH_M_20260709T124242_20260709T124317_P05023_N_F_J_001.h5
2026-07-21,019,076,D,026,Full,6.92,2026-07-21T12:42:41Z,NISAR_L2_PR_GCOV_026_019_D_076_4005_DHDH_A_20260721T124241_20260721T124316_P05023_N_F_J_001,https://nisar.asf.earthdatacloud.nasa.gov/NISAR/NISAR_L2_GCOV_PROVISIONAL_V1/NISAR_L2_PR_GCOV_026_019_D_076_4005_DHDH_A_20260721T124241_20260721T124316_P05023_N_F_J_001/NISAR_L2_PR_GCOV_026_019_D_076_4005_DHDH_A_20260721T124241_20260721T124316_P05023_N_F_J_001.h5
2026-08-14,019,076,D,028,Full,6.91,2026-08-14T12:42:40Z,NISAR_L2_PR_GCOV_028_019_D_076_4005_DHDH_A_20260814T124240_20260814T124315_P05023_N_F_J_001,https://nisar.asf.earthdatacloud.nasa.gov/NISAR/NISAR_L2_GCOV_PROVISIONAL_V1/NISAR_L2_PR_GCOV_028_019_D_076_4005_DHDH_A_20260814T124240_20260814T124315_P05023_N_F_J_001/NISAR_L2_PR_GCOV_028_019_D_076_4005_DHDH_A_20260814T124240_20260814T124315_P05023_N_F_J_001.h5
2026-08-26,019,076,D,029,Full,9.43,2026-08-26T12:42:40Z,NISAR_L2_PR_GCOV_029_019_D_076_2005_QPDH_A_20260826T124240_20260826T124315_P05023_N_F_J_001,https://nisar.asf.earthdatacloud.nasa.gov/NISAR/NISAR_L2_GCOV_PROVISIONAL_V1/NISAR_L2_PR_GCOV_029_019_D_076_2005_QPDH_A_20260826T124240_20260826T124315_P05023_N_F_J_001/NISAR_L2_PR_GCOV_029_019_D_076_2005_QPDH_A_20260826T124240_20260826T124315_P05023_N_F_J_001.h5
2026-09-07,019,076,D,030,Partial,6.21,2026-09-07T12:42:50Z,NISAR_L2_PR_GCOV_030_019_D_076_2005_QPDH_A_20260907T124250_20260907T124314_P05023_N_P_J_001,https://nisar.asf.earthdatacloud.nasa.gov/NISAR/NISAR_L2_GCOV_PROVISIONAL_V1/NISAR_L2_PR_GCOV_030_019_D_076_2005_QPDH_A_20260907T124250_20260907T124314_P05023_N_P_J_001/NISAR_L2_PR_GCOV_030_019_D_076_2005_QPDH_A_20260907T124250_20260907T124314_P05023_N_P_J_001.h5
2026-09-07,019,076,D,030,Full,1.84,2026-09-07T12:42:40Z,NISAR_L2_PR_GCOV_030_019_D_076_2005_DHDH_M_20260907T124240_20260907T124314_P05023_N_F_J_001,https://nisar.asf.earthdatacloud.nasa.gov/NISAR/NISAR_L2_GCOV_PROVISIONAL_V1/NISAR_L2_PR_GCOV_030_019_D_076_2005_DHDH_M_20260907T124240_20260907T124314_P05023_N_F_J_001/NISAR_L2_PR_GCOV_030_019_D_076_2005_DHDH_M_20260907T124240_20260907T124314_P05023_N_F_J_001.h5
2026-09-19,019,076,D,031,Full,8.78,2026-09-19T12:42:40Z,NISAR_L2_PR_GCOV_031_019_D_076_2005_QPDH_A_20260919T124240_20260919T124314_P05023_F_F_J_001,https://nisar.asf.earthdatacloud.nasa.gov/NISAR/NISAR_L2_GCOV_PROVISIONAL_V1/NISAR_L2_PR_GCOV_031_019_D_076_2005_QPDH_A_20260919T124240_20260919T124314_P05023_F_F_J_001/NISAR_L2_PR_GCOV_031_019_D_076_2005_QPDH_A_20260919T124240_20260919T124314_P05023_F_F_J_001.h5
2026-10-01,019,076,D,032,Partial,6.03,2026-10-01T12:42:50Z,NISAR_L2_PR_GCOV_032_019_D_076_2005_QPDH_A_20261001T124250_20261001T124314_P05023_N_P_J_001,https://nisar.asf.earthdatacloud.nasa.gov/NISAR/NISAR_L2_GCOV_PROVISIONAL_V1/NISAR_L2_PR_GCOV_032_019_D_076_2005_QPDH_A_20261001T124250_20261001T124314_P05023_N_P_J_001/NISAR_L2_PR_GCOV_032_019_D_076_2005_QPDH_A_20261001T124250_20261001T124314_P05023_N_P_J_001.h5
2026-10-01,019,076,D,032,Full,1.92,2026-10-01T12:42:40Z,NISAR_L2_PR_GCOV_032_019_D_076_2005_DHDH_M_20261001T124240_20261001T124314_P05023_N_F_J_001,https://nisar.asf.earthdatacloud.nasa.gov/NISAR/NISAR_L2_GCOV_PROVISIONAL_V1/NISAR_L2_PR_GCOV_032_019_D_076_2005_DHDH_M_20261001T124240_20261001T124314_P05023_N_F_J_001/NISAR_L2_PR_GCOV_032_019_D_076_2005_DHDH_M_20261001T124240_20261001T124314_P05023_N_F_J_001.h5
2026-06-18,069,014,A,023,Full,6.88,2026-06-18T23:21:35Z,NISAR_L2_PR_GCOV_023_069_A_014_4005_DHDH_A_20260618T232135_20260618T232210_P05023_N_F_J_001,https://nisar.asf.earthdatacloud.nasa.gov/NISAR/NISAR_L2_GCOV_PROVISIONAL_V1/NISAR_L2_PR_GCOV_023_069_A_014_4005_DHDH_A_20260618T232135_20260618T232210_P05023_N_F_J_001/NISAR_L2_PR_GCOV_023_069_A_014_4005_DHDH_A_20260618T232135_20260618T232210_P05023_N_F_J_001.h5
2026-06-30,069,014,A,024,Full,6.65,2026-06-30T23:21:34Z,NISAR_L2_PR_GCOV_024_069_A_014_4005_DHDH_A_20260630T232134_20260630T232209_P05023_N_F_J_001,https://nisar.asf.earthdatacloud.nasa.gov/NISAR/NISAR_L2_GCOV_PROVISIONAL_V1/NISAR_L2_PR_GCOV_024_069_A_014_4005_DHDH_A_20260630T232134_20260630T232209_P05023_N_F_J_001/NISAR_L2_PR_GCOV_024_069_A_014_4005_DHDH_A_20260630T232134_20260630T232209_P05023_N_F_J_001.h5
2026-07-12,069,014,A,025,Full,6.69,2026-07-12T23:21:34Z,NISAR_L2_PR_GCOV_025_069_A_014_4005_DHDH_A_20260712T232134_20260712T232208_P05023_N_F_J_001,https://nisar.asf.earthdatacloud.nasa.gov/NISAR/NISAR_L2_GCOV_PROVISIONAL_V1/NISAR_L2_PR_GCOV_025_069_A_014_4005_DHDH_A_20260712T232134_20260712T232208_P05023_N_F_J_001/NISAR_L2_PR_GCOV_025_069_A_014_4005_DHDH_A_20260712T232134_20260712T232208_P05023_N_F_J_001.h5
2026-07-24,069,014,A,026,Full,6.87,2026-07-24T23:21:33Z,NISAR_L2_PR_GCOV_026_069_A_014_4005_DHDH_A_20260724T232133_20260724T232208_P05023_N_F_J_001,https://nisar.asf.earthdatacloud.nasa.gov/NISAR/NISAR_L2_GCOV_PROVISIONAL_V1/NISAR_L2_PR_GCOV_026_069_A_014_4005_DHDH_A_20260724T232133_20260724T232208_P05023_N_F_J_001/NISAR_L2_PR_GCOV_026_069_A_014_4005_DHDH_A_20260724T232133_20260724T232208_P05023_N_F_J_001.h5
2026-08-17,069,014,A,028,Full,6.69,2026-08-17T23:21:32Z,NISAR_L2_PR_GCOV_028_069_A_014_4005_DHDH_A_20260817T232132_20260817T232206_P05023_N_F_J_001,https://nisar.asf.earthdatacloud.nasa.gov/NISAR/NISAR_L2_GCOV_PROVISIONAL_V1/NISAR_L2_PR_GCOV_028_069_A_014_4005_DHDH_A_20260817T232132_20260817T232206_P05023_N_F_J_001/NISAR_L2_PR_GCOV_028_069_A_014_4005_DHDH_A_20260817T232132_20260817T232206_P05023_N_F_J_001.h5
2026-08-29,069,014,A,029,Full,6.69,2026-08-29T23:21:32Z,NISAR_L2_PR_GCOV_029_069_A_014_4005_DHDH_A_20260829T232132_20260829T232206_P05023_N_F_J_001,https://nisar.asf.earthdatacloud.nasa.gov/NISAR/NISAR_L2_GCOV_PROVISIONAL_V1/NISAR_L2_PR_GCOV_029_069_A_014_4005_DHDH_A_20260829T232132_20260829T232206_P05023_N_F_J_001/NISAR_L2_PR_GCOV_029_069_A_014_4005_DHDH_A_20260829T232132_20260829T232206_P05023_N_F_J_001.h5
2026-09-10,069,014,A,030,Full,6.87,2026-09-10T23:21:31Z,NISAR_L2_PR_GCOV_030_069_A_014_4005_DHDH_A_20260910T232131_20260910T232206_P05023_N_F_J_001,https://nisar.asf.earthdatacloud.nasa.gov/NISAR/NISAR_L2_GCOV_PROVISIONAL_V1/NISAR_L2_PR_GCOV_030_069_A_014_4005_DHDH_A_20260910T232131_20260910T232206_P05023_N_F_J_001/NISAR_L2_PR_GCOV_030_069_A_014_4005_DHDH_A_20260910T232131_20260910T232206_P05023_N_F_J_001.h5
2026-09-22,069,014,A,031,Full,6.69,2026-09-22T23:21:32Z,NISAR_L2_PR_GCOV_031_069_A_014_4005_DHDH_A_20260922T232132_20260922T232206_P05023_N_F_J_001,https://nisar.asf.earthdatacloud.nasa.gov/NISAR/NISAR_L2_GCOV_PROVISIONAL_V1/NISAR_L2_PR_GCOV_031_069_A_014_4005_DHDH_A_20260922T232132_20260922T232206_P05023_N_F_J_001/NISAR_L2_PR_GCOV_031_069_A_014_4005_DHDH_A_20260922T232132_20260922T232206_P05023_N_F_J_001.h5
2026-10-04,069,014,A,032,Full,6.69,2026-10-04T23:21:32Z,NISAR_L2_PR_GCOV_032_069_A_014_4005_DHDH_A_20261004T232132_20261004T232206_P05023_N_F_J_001,https://nisar.asf.earthdatacloud.nasa.gov/NISAR/NISAR_L2_GCOV_PROVISIONAL_V1/NISAR_L2_PR_GCOV_032_069_A_014_4005_DHDH_A_20261004T232132_20261004T232206_P05023_N_F_J_001/NISAR_L2_PR_GCOV_032_069_A_014_4005_DHDH_A_20261004T232132_20261004T232206_P05023_N_F_J_001.h5
2026-06-20,091,076,D,023,Full,8.68,2026-06-20T12:34:24Z,NISAR_L2_PR_GCOV_023_091_D_076_2005_QPDH_A_20260620T123424_20260620T123459_P05023_N_F_J_001,https://nisar.asf.earthdatacloud.nasa.gov/NISAR/NISAR_L2_GCOV_PROVISIONAL_V1/NISAR_L2_PR_GCOV_023_091_D_076_2005_QPDH_A_20260620T123424_20260620T123459_P05023_N_F_J_001/NISAR_L2_PR_GCOV_023_091_D_076_2005_QPDH_A_20260620T123424_20260620T123459_P05023_N_F_J_001.h5
2026-07-02,091,076,D,024,Full,7.2,2026-07-02T12:34:23Z,NISAR_L2_PR_GCOV_024_091_D_076_4005_DHDH_A_20260702T123423_20260702T123458_P05023_N_F_J_001,https://nisar.asf.earthdatacloud.nasa.gov/NISAR/NISAR_L2_GCOV_PROVISIONAL_V1/NISAR_L2_PR_GCOV_024_091_D_076_4005_DHDH_A_20260702T123423_20260702T123458_P05023_N_F_J_001/NISAR_L2_PR_GCOV_024_091_D_076_4005_DHDH_A_20260702T123423_20260702T123458_P05023_N_F_J_001.h5
2026-07-14,091,076,D,025,Full,8.54,2026-07-14T12:34:23Z,NISAR_L2_PR_GCOV_025_091_D_076_2005_QPDH_A_20260714T123423_20260714T123457_P05023_F_F_J_001,https://nisar.asf.earthdatacloud.nasa.gov/NISAR/NISAR_L2_GCOV_PROVISIONAL_V1/NISAR_L2_PR_GCOV_025_091_D_076_2005_QPDH_A_20260714T123423_20260714T123457_P05023_F_F_J_001/NISAR_L2_PR_GCOV_025_091_D_076_2005_QPDH_A_20260714T123423_20260714T123457_P05023_F_F_J_001.h5
2026-07-26,091,076,D,026,Full,7.2,2026-07-26T12:34:22Z,NISAR_L2_PR_GCOV_026_091_D_076_4005_DHDH_A_20260726T123422_20260726T123457_P05023_N_F_J_001,https://nisar.asf.earthdatacloud.nasa.gov/NISAR/NISAR_L2_GCOV_PROVISIONAL_V1/NISAR_L2_PR_GCOV_026_091_D_076_4005_DHDH_A_20260726T123422_20260726T123457_P05023_N_F_J_001/NISAR_L2_PR_GCOV_026_091_D_076_4005_DHDH_A_20260726T123422_20260726T123457_P05023_N_F_J_001.h5
2026-08-19,091,076,D,028,Full,7.0,2026-08-19T12:34:21Z,NISAR_L2_PR_GCOV_028_091_D_076_4005_DHDH_A_20260819T123421_20260819T123455_P05023_N_F_J_001,https://nisar.asf.earthdatacloud.nasa.gov/NISAR/NISAR_L2_GCOV_PROVISIONAL_V1/NISAR_L2_PR_GCOV_028_091_D_076_4005_DHDH_A_20260819T123421_20260819T123455_P05023_N_F_J_001/NISAR_L2_PR_GCOV_028_091_D_076_4005_DHDH_A_20260819T123421_20260819T123455_P05023_N_F_J_001.h5
2026-08-31,091,076,D,029,Full,8.55,2026-08-31T12:34:21Z,NISAR_L2_PR_GCOV_029_091_D_076_2005_QPDH_A_20260831T123421_20260831T123455_P05023_N_F_J_001,https://nisar.asf.earthdatacloud.nasa.gov/NISAR/NISAR_L2_GCOV_PROVISIONAL_V1/NISAR_L2_PR_GCOV_029_091_D_076_2005_QPDH_A_20260831T123421_20260831T123455_P05023_N_F_J_001/NISAR_L2_PR_GCOV_029_091_D_076_2005_QPDH_A_20260831T123421_20260831T123455_P05023_N_F_J_001.h5
2026-09-12,091,076,D,030,Full,7.2,2026-09-12T12:34:20Z,NISAR_L2_PR_GCOV_030_091_D_076_4005_DHDH_A_20260912T123420_20260912T123455_P05023_N_F_J_001,https://nisar.asf.earthdatacloud.nasa.gov/NISAR/NISAR_L2_GCOV_PROVISIONAL_V1/NISAR_L2_PR_GCOV_030_091_D_076_4005_DHDH_A_20260912T123420_20260912T123455_P05023_N_F_J_001/NISAR_L2_PR_GCOV_030_091_D_076_4005_DHDH_A_20260912T123420_20260912T123455_P05023_N_F_J_001.h5
2026-09-24,091,076,D,031,Full,8.67,2026-09-24T12:34:20Z,NISAR_L2_PR_GCOV_031_091_D_076_2005_QPDH_A_20260924T123420_20260924T123455_P05023_N_F_J_001,https://nisar.asf.earthdatacloud.nasa.gov/NISAR/NISAR_L2_GCOV_PROVISIONAL_V1/NISAR_L2_PR_GCOV_031_091_D_076_2005_QPDH_A_20260924T123420_20260924T123455_P05023_N_F_J_001/NISAR_L2_PR_GCOV_031_091_D_076_2005_QPDH_A_20260924T123420_20260924T123455_P05023_N_F_J_001.h5
2026-10-06,091,076,D,032,Full,7.2,2026-10-06T12:34:20Z,NISAR_L2_PR_GCOV_032_091_D_076_4005_DHDH_A_20261006T123420_20261006T123455_P05023_N_F_J_001,https://nisar.asf.earthdatacloud.nasa.gov/NISAR/NISAR_L2_GCOV_PROVISIONAL_V1/NISAR_L2_PR_GCOV_032_091_D_076_4005_DHDH_A_20261006T123420_20261006T123455_P05023_N_F_J_001/NISAR_L2_PR_GCOV_032_091_D_076_4005_DHDH_A_20261006T123420_20261006T123455_P05023_N_F_J_001.h5
2026-06-25,170,014,A,023,Full,6.77,2026-06-25T23:29:55Z,NISAR_L2_PR_GCOV_023_170_A_014_4005_DHDH_A_20260625T232955_20260625T233029_P05023_N_F_J_001,https://nisar.asf.earthdatacloud.nasa.gov/NISAR/NISAR_L2_GCOV_PROVISIONAL_V1/NISAR_L2_PR_GCOV_023_170_A_014_4005_DHDH_A_20260625T232955_20260625T233029_P05023_N_F_J_001/NISAR_L2_PR_GCOV_023_170_A_014_4005_DHDH_A_20260625T232955_20260625T233029_P05023_N_F_J_001.h5
2026-07-07,170,014,A,024,Full,6.79,2026-07-07T23:29:54Z,NISAR_L2_PR_GCOV_024_170_A_014_4005_DHDH_A_20260707T232954_20260707T233028_P05023_N_F_J_001,https://nisar.asf.earthdatacloud.nasa.gov/NISAR/NISAR_L2_GCOV_PROVISIONAL_V1/NISAR_L2_PR_GCOV_024_170_A_014_4005_DHDH_A_20260707T232954_20260707T233028_P05023_N_F_J_001/NISAR_L2_PR_GCOV_024_170_A_014_4005_DHDH_A_20260707T232954_20260707T233028_P05023_N_F_J_001.h5
2026-07-19,170,014,A,025,Full,6.97,2026-07-19T23:29:53Z,NISAR_L2_PR_GCOV_025_170_A_014_4005_DHDH_A_20260719T232953_20260719T233028_P05023_N_F_J_001,https://nisar.asf.earthdatacloud.nasa.gov/NISAR/NISAR_L2_GCOV_PROVISIONAL_V1/NISAR_L2_PR_GCOV_025_170_A_014_4005_DHDH_A_20260719T232953_20260719T233028_P05023_N_F_J_001/NISAR_L2_PR_GCOV_025_170_A_014_4005_DHDH_A_20260719T232953_20260719T233028_P05023_N_F_J_001.h5
2026-08-12,170,014,A,027,Full,6.79,2026-08-12T23:29:52Z,NISAR_L2_PR_GCOV_027_170_A_014_4005_DHDH_A_20260812T232952_20260812T233026_P05023_N_F_J_001,https://nisar.asf.earthdatacloud.nasa.gov/NISAR/NISAR_L2_GCOV_PROVISIONAL_V1/NISAR_L2_PR_GCOV_027_170_A_014_4005_DHDH_A_20260812T232952_20260812T233026_P05023_N_F_J_001/NISAR_L2_PR_GCOV_027_170_A_014_4005_DHDH_A_20260812T232952_20260812T233026_P05023_N_F_J_001.h5
2026-08-24,170,014,A,028,Full,6.98,2026-08-24T23:29:51Z,NISAR_L2_PR_GCOV_028_170_A_014_4005_DHDH_A_20260824T232951_20260824T233026_P05023_N_F_J_001,https://nisar.asf.earthdatacloud.nasa.gov/NISAR/NISAR_L2_GCOV_PROVISIONAL_V1/NISAR_L2_PR_GCOV_028_170_A_014_4005_DHDH_A_20260824T232951_20260824T233026_P05023_N_F_J_001/NISAR_L2_PR_GCOV_028_170_A_014_4005_DHDH_A_20260824T232951_20260824T233026_P05023_N_F_J_001.h5
2026-09-05,170,014,A,029,Full,6.98,2026-09-05T23:29:51Z,NISAR_L2_UR_GCOV_029_170_A_014_4005_DHDH_A_20260905T232951_20260905T233026_P05023_F_F_J_001,https://nisar.asf.earthdatacloud.nasa.gov/NISAR-UR/UR_L2_L_GCOV/NISAR_L2_UR_GCOV_029_170_A_014_4005_DHDH_A_20260905T232951_20260905T233026_P05023_F_F_J_001/NISAR_L2_UR_GCOV_029_170_A_014_4005_DHDH_A_20260905T232951_20260905T233026_P05023_F_F_J_001.h5
2026-09-05,170,014,A,029,Full,6.98,2026-09-05T23:29:51Z,NISAR_L2_PR_GCOV_029_170_A_014_4005_DHDH_A_20260905T232951_20260905T233026_P05023_N_F_J_001,https://nisar.asf.earthdatacloud.nasa.gov/NISAR/NISAR_L2_GCOV_PROVISIONAL_V1/NISAR_L2_PR_GCOV_029_170_A_014_4005_DHDH_A_20260905T232951_20260905T233026_P05023_N_F_J_001/NISAR_L2_PR_GCOV_029_170_A_014_4005_DHDH_A_20260905T232951_20260905T233026_P05023_N_F_J_001.h5
2026-09-17,170,014,A,030,Full,6.79,2026-09-17T23:29:51Z,NISAR_L2_UR_GCOV_030_170_A_014_4005_DHDH_A_20260917T232951_20260917T233025_P05023_F_F_J_001,https://nisar.asf.earthdatacloud.nasa.gov/NISAR-UR/UR_L2_L_GCOV/NISAR_L2_UR_GCOV_030_170_A_014_4005_DHDH_A_20260917T232951_20260917T233025_P05023_F_F_J_001/NISAR_L2_UR_GCOV_030_170_A_014_4005_DHDH_A_20260917T232951_20260917T233025_P05023_F_F_J_001.h5
2026-09-17,170,014,A,030,Full,6.78,2026-09-17T23:29:51Z,NISAR_L2_PR_GCOV_030_170_A_014_4005_DHDH_A_20260917T232951_20260917T233025_P05023_F_F_J_001,https://nisar.asf.earthdatacloud.nasa.gov/NISAR/NISAR_L2_GCOV_PROVISIONAL_V1/NISAR_L2_PR_GCOV_030_170_A_014_4005_DHDH_A_20260917T232951_20260917T233025_P05023_F_F_J_001/NISAR_L2_PR_GCOV_030_170_A_014_4005_DHDH_A_20260917T232951_20260917T233025_P05023_F_F_J_001.h5
2026-09-29,170,014,A,031,Full,6.98,2026-09-29T23:29:51Z,NISAR_L2_PR_GCOV_031_170_A_014_4005_DHDH_A_20260929T232951_20260929T233026_P05023_N_F_J_001,https://nisar.asf.earthdatacloud.nasa.gov/NISAR/NISAR_L2_GCOV_PROVISIONAL_V1/NISAR_L2_PR_GCOV_031_170_A_014_4005_DHDH_A_20260929T232951_20260929T233026_P05023_N_F_J_001/NISAR_L2_PR_GCOV_031_170_A_014_4005_DHDH_A_20260929T232951_20260929T233026_P05023_N_F_J_001.h5
