product,nisar_date,reference_date,days_apart
OPERA_L3_DSWX-S1_V1,2026-06-18,2026-06-17,1
OPERA_L3_DSWX-S1_V1,2026-06-30,2026-06-26,4
OPERA_L3_DSWX-S1_V1,2026-07-12,2026-06-26,16
OPERA_L3_DSWX-S1_V1,2026-07-24,2026-06-26,28
OPERA_L3_DSWX-S1_V1,2026-08-17,2026-06-26,52
OPERA_L3_DSWX-S1_V1,2026-08-29,2026-06-26,64
OPERA_L3_DSWX-S1_V1,2026-09-10,2026-06-26,76
OPERA_L3_DSWX-S1_V1,2026-09-22,2026-06-26,88
OPERA_L3_DSWX-S1_V1,2026-10-04,2026-06-26,100
OPERA_L3_DSWX-HLS_V1,2026-06-18,2026-06-18,0
OPERA_L3_DSWX-HLS_V1,2026-06-30,2026-07-02,2
OPERA_L3_DSWX-HLS_V1,2026-07-12,2026-07-16,4
OPERA_L3_DSWX-HLS_V1,2026-07-24,2026-07-24,0
OPERA_L3_DSWX-HLS_V1,2026-08-17,2026-08-16,1
OPERA_L3_DSWX-HLS_V1,2026-08-29,2026-08-29,0
OPERA_L3_DSWX-HLS_V1,2026-09-10,2026-09-10,0
OPERA_L3_DSWX-HLS_V1,2026-09-22,2026-09-22,0
OPERA_L3_DSWX-HLS_V1,2026-10-04,2026-10-04,0
